<?xml version="1.0" encoding="UTF-8"?>

<mule xmlns:http="http://www.mulesoft.org/schema/mule/http" xmlns="http://www.mulesoft.org/schema/mule/core"
	xmlns:doc="http://www.mulesoft.org/schema/mule/documentation"
	xmlns:xsi="http://www.w3.org/2001/XMLSchema-instance" xsi:schemaLocation="http://www.mulesoft.org/schema/mule/core http://www.mulesoft.org/schema/mule/core/current/mule.xsd
http://www.mulesoft.org/schema/mule/http http://www.mulesoft.org/schema/mule/http/current/mule-http.xsd">
	<sub-flow name="get-covid-case-reports-by-state" doc:id="1b0fd322-c4f2-4a06-87af-aee298269d2f" >
		<logger level="DEBUG" doc:name="Before Backend Call" doc:id="912bec8e-3dbb-4965-bbec-ba0586d6fbbe" message='transactionID: #[vars.transactionId]], correlationID: #[vars.correlationID], message: "Before get reports uhub sapi service call"' />
		<http:request method="GET" doc:name="Get Covid Case By NationalID" doc:id="47e22801-5d3e-4526-bd0a-956731483829" config-ref="HTTP_UHUB_SAPI_Request_configuration" path="/${secure::ehub.sapi.subpath.reports}">
			<http:headers><![CDATA[#[vars.uhubHeaderParameters]]]></http:headers>
			<http:query-params ><![CDATA[#[{
	"state": vars.state
}]]]></http:query-params>
			<http:response-validator>
				<http:success-status-code-validator values="200,404" />
			</http:response-validator>
		</http:request>
		<logger level="DEBUG" doc:name="After Backend Call" doc:id="ecdda797-65e5-47c0-8e1b-f98ec9ce6069" message='transactionID: #[vars.transactionId]], correlationID: #[vars.correlationID], message: "After get reports uhub sapi service call"' />
	</sub-flow>
</mule>
